{
  "results": [
    "[\n  {\n    \"name\": \"ITI\",\n    \"class\": 2,\n    \"confidence\": 0.54348,\n    \"box\": {\n      \"x1\": 618.0929,\n      \"y1\": 812.38623,\n      \"x2\": 698.6178,\n      \"y2\": 1016.14764\n    }\n  },\n  {\n    \"name\": \"ITI\",\n    \"class\": 2,\n    \"confidence\": 0.51089,\n    \"box\": {\n      \"x1\": 1607.06262,\n      \"y1\": 803.41479,\n      \"x2\": 1693.92493,\n      \"y2\": 1006.29089\n    }\n  },\n  {\n    \"name\": \"Bicon\",\n    \"class\": 1,\n    \"confidence\": 0.50957,\n    \"box\": {\n      \"x1\": 857.67596,\n      \"y1\": 842.2851,\n      \"x2\": 917.86108,\n      \"y2\": 1020.45752\n    }\n  },\n  {\n    \"name\": \"Bicon\",\n    \"class\": 1,\n    \"confidence\": 0.5057,\n    \"box\": {\n      \"x1\": 754.11829,\n      \"y1\": 855.62006,\n      \"x2\": 815.18219,\n      \"y2\": 1030.90894\n    }\n  },\n  {\n    \"name\": \"Bicon\",\n    \"class\": 1,\n    \"confidence\": 0.50475,\n    \"box\": {\n      \"x1\": 891.79767,\n      \"y1\": 413.11841,\n      \"x2\": 959.94513,\n      \"y2\": 599.74451\n    }\n  },\n  {\n    \"name\": \"Bicon\",\n    \"class\": 1,\n    \"confidence\": 0.50248,\n    \"box\": {\n      \"x1\": 1511.69849,\n      \"y1\": 829.02313,\n      \"x2\": 1590.68701,\n      \"y2\": 1021.67938\n    }\n  },\n  {\n    \"name\": \"Bicon\",\n    \"class\": 1,\n    \"confidence\": 0.47833,\n    \"box\": {\n      \"x1\": 698.69659,\n      \"y1\": 398.24701,\n      \"x2\": 773.5918,\n      \"y2\": 578.60114\n    }\n  },\n  {\n    \"name\": \"Bicon\",\n    \"class\": 1,\n    \"confidence\": 0.46544,\n    \"box\": {\n      \"x1\": 822.91895,\n      \"y1\": 414.53876,\n      \"x2\": 886.59198,\n      \"y2\": 574.48352\n    }\n  },\n  {\n    \"name\": \"Bicon\",\n    \"class\": 1,\n    \"confidence\": 0.43247,\n    \"box\": {\n      \"x1\": 687.40082,\n      \"y1\": 390.43106,\n      \"x2\": 784.11786,\n      \"y2\": 597.58496\n    }\n  },\n  {\n    \"name\": \"Bicon\",\n    \"class\": 1,\n    \"confidence\": 0.38308,\n    \"box\": {\n      \"x1\": 1627.69153,\n      \"y1\": 417.92444,\n      \"x2\": 1719.9624,\n      \"y2\": 573.4292\n    }\n  },\n  {\n    \"name\": \"Bicon\",\n    \"class\": 1,\n    \"confidence\": 0.32255,\n    \"box\": {\n      \"x1\": 810.8736,\n      \"y1\": 406.8071,\n      \"x2\": 891.45703,\n      \"y2\": 594.99042\n    }\n  },\n  {\n    \"name\": \"Bicon\",\n    \"class\": 1,\n    \"confidence\": 0.30399,\n    \"box\": {\n      \"x1\": 1524.67883,\n      \"y1\": 401.37283,\n      \"x2\": 1587.16882,\n      \"y2\": 579.9375\n    }\n  },\n  {\n    \"name\": \"Bicon\",\n    \"class\": 1,\n    \"confidence\": 0.26767,\n    \"box\": {\n      \"x1\": 1523.93237,\n      \"y1\": 851.38641,\n      \"x2\": 1584.67139,\n      \"y2\": 1016.86493\n    }\n  }\n]",
    "/uploads/x019.jpg"
  ]
}